number;label;technicalLabel
36;ANDROID_TOOL;ANDROID.PERMISSION.ACCESS_NETWORK_STATE
1;ANDROID_TOOL;ANDROID.PERMISSION.BATTERY_STATS
2;ANDROID_TOOL;ANDROID.PERMISSION.BLUETOOTH
3;ANDROID_TOOL;ANDROID.PERMISSION.BLUETOOTH_ADMIN
4;ANDROID_TOOL;ANDROID.PERMISSION.BROADCAST_STICKY
5;ANDROID_TOOL;ANDROID.PERMISSION.CHANGE_CONFIGURATION
6;ANDROID_TOOL;ANDROID.PERMISSION.CHANGE_NETWORK_STATE
7;ANDROID_TOOL;ANDROID.PERMISSION.CHANGE_WIFI_MULTICAST_STATE
8;ANDROID_TOOL;ANDROID.PERMISSION.CHANGE_WIFI_STATE
9;ANDROID_TOOL;ANDROID.PERMISSION.CLEAR_APP_CACHE
10;ANDROID_TOOL;ANDROID.PERMISSION.DISABLE_KEYGUARD
11;ANDROID_TOOL;ANDROID.PERMISSION.EXPAND_STATUS_BAR
12;ANDROID_TOOL;ANDROID.PERMISSION.GET_PACKAGE_SIZE
13;ANDROID_TOOL;ANDROID.PERMISSION.GET_TASKS
15;ANDROID_TOOL;ANDROID.PERMISSION.KILL_BACKGROUND_PROCESSES
16;ANDROID_TOOL;ANDROID.PERMISSION.PERSISTENT_ACTIVITY
17;ANDROID_TOOL;ANDROID.PERMISSION.READ_PHONE_STATE
18;ANDROID_TOOL;ANDROID.PERMISSION.READ_SYNC_SETTINGS
19;ANDROID_TOOL;ANDROID.PERMISSION.READ_SYNC_STATS
20;ANDROID_TOOL;ANDROID.PERMISSION.RECEIVE_BOOT_COMPLETED
21;ANDROID_TOOL;ANDROID.PERMISSION.REORDER_TASKS
22;ANDROID_TOOL;ANDROID.PERMISSION.SET_ALARM
23;ANDROID_TOOL;ANDROID.PERMISSION.SET_PREFERRED_APPLICATIONS
24;ANDROID_TOOL;ANDROID.PERMISSION.SET_TIME_ZONE
26;ANDROID_TOOL;ANDROID.PERMISSION.SET_WALLPAPER
27;ANDROID_TOOL;ANDROID.PERMISSION.SET_WALLPAPER_HINTS
28;ANDROID_TOOL;ANDROID.PERMISSION.SYSTEM_ALERT_WINDOW
30;ANDROID_TOOL;ANDROID.PERMISSION.UNINSTALL_SHORTCUT
32;ANDROID_TOOL;ANDROID.PERMISSION.WAKE_LOCK
33;ANDROID_TOOL;ANDROID.PERMISSION.WRITE_SETTINGS
34;ANDROID_TOOL;ANDROID.PERMISSION.WRITE_SYNC_SETTINGS
38;APP_LIBRARY;ANDROID.PERMISSION.INSTALL_SHORTCUT
39;APP_LIBRARY;ANDROID.PERMISSION.INTERNET
40;APP_LIBRARY;ANDROID.PERMISSION.WRITE_EXTERNAL_STORAGE
49;BACKUP;ANDROID.PERMISSION.ACCESS_NETWORK_STATE
50;BACKUP;ANDROID.PERMISSION.ACCESS_WIFI_STATE
51;BACKUP;ANDROID.PERMISSION.GET_ACCOUNTS
52;BACKUP;ANDROID.PERMISSION.GET_PACKAGE_SIZE
66;BACKUP;ANDROID.PERMISSION.INSTALL_SHORTCUT
53;BACKUP;ANDROID.PERMISSION.MANAGE_ACCOUNTS
55;BACKUP;ANDROID.PERMISSION.READ_CALENDAR
56;BACKUP;ANDROID.PERMISSION.READ_CALL_LOG
57;BACKUP;ANDROID.PERMISSION.READ_CONTACTS
58;BACKUP;ANDROID.PERMISSION.READ_EXTERNAL_STORAGE
59;BACKUP;ANDROID.PERMISSION.READ_HISTORY_BOOKMARKS
60;BACKUP;ANDROID.PERMISSION.READ_PHONE_STATE
61;BACKUP;ANDROID.PERMISSION.READ_PROFILE
62;BACKUP;ANDROID.PERMISSION.READ_SMS
63;BACKUP;ANDROID.PERMISSION.READ_SYNC_SETTINGS
64;BACKUP;ANDROID.PERMISSION.READ_USER_DICTIONARY
65;BACKUP;ANDROID.PERMISSION.RECEIVE_BOOT_COMPLETED
67;BACKUP;ANDROID.PERMISSION.USE_CREDENTIALS
68;BACKUP;ANDROID.PERMISSION.WAKE_LOCK
69;BACKUP;ANDROID.PERMISSION.WRITE_CALENDAR
70;BACKUP;ANDROID.PERMISSION.WRITE_CALL_LOG
71;BACKUP;ANDROID.PERMISSION.WRITE_CONTACTS
72;BACKUP;ANDROID.PERMISSION.WRITE_EXTERNAL_STORAGE
73;BACKUP;ANDROID.PERMISSION.WRITE_HISTORY_BOOKMARKS
75;BACKUP;ANDROID.PERMISSION.WRITE_PROFILE
76;BACKUP;ANDROID.PERMISSION.WRITE_SMS
77;BACKUP;ANDROID.PERMISSION.WRITE_SYNC_SETTINGS
78;BACKUP;ANDROID.PERMISSION.WRITE_USER_DICTIONARY
54;BACKUP;ANDROID.PERMISSION.MANAGE_DOCUMENTS
79;CALENDAR;ANDROID.PERMISSION.GET_ACCOUNTS
80;CALENDAR;ANDROID.PERMISSION.INTERNET
81;CALENDAR;ANDROID.PERMISSION.READ_CALENDAR
82;CALENDAR;ANDROID.PERMISSION.READ_CONTACTS
83;CALENDAR;ANDROID.PERMISSION.READ_SYNC_SETTINGS
84;CALENDAR;ANDROID.PERMISSION.USE_CREDENTIALS
85;CALENDAR;ANDROID.PERMISSION.WRITE_CALENDAR
86;CALENDAR;ANDROID.PERMISSION.WRITE_CONTACTS
88;CALENDAR;ANDROID.PERMISSION.WRITE_SYNC_SETTINGS
89;CAMERA;ANDROID.PERMISSION.CAMERA
90;CAMERA;ANDROID.PERMISSION.FLASHLIGHT
92;CAMERA;ANDROID.PERMISSION.READ_EXTERNAL_STORAGE
93;CAMERA;ANDROID.PERMISSION.RECORD_AUDIO
94;CAMERA;ANDROID.PERMISSION.VIBRATE
95;CAMERA;ANDROID.PERMISSION.WRITE_EXTERNAL_STORAGE
91;CAMERA;ANDROID.PERMISSION.MANAGE_DOCUMENTS
96;CONTACT_MANAGER;ANDROID.PERMISSION.GET_ACCOUNTS
99;CONTACT_MANAGER;ANDROID.PERMISSION.READ_CALL_LOG
97;CONTACT_MANAGER;ANDROID.PERMISSION.READ_CONTACTS
98;CONTACT_MANAGER;ANDROID.PERMISSION.READ_PROFILE
100;CONTACT_MANAGER;ANDROID.PERMISSION.WRITE_CALL_LOG
101;CONTACT_MANAGER;ANDROID.PERMISSION.WRITE_CONTACTS
532;CREATE_LOGIN;ANDROID.PERMISSION.ACCESS_NETWORK_STATE
533;CREATE_LOGIN;ANDROID.PERMISSION.ACCESS_WIFI_STATE
536;CREATE_LOGIN;ANDROID.PERMISSION.GET_ACCOUNTS
535;CREATE_LOGIN;ANDROID.PERMISSION.INTERNET
537;CREATE_LOGIN;ANDROID.PERMISSION.USE_CREDENTIALS
103;DOCUMENT_EDITOR;ANDROID.PERMISSION.READ_EXTERNAL_STORAGE
104;DOCUMENT_EDITOR;ANDROID.PERMISSION.WRITE_EXTERNAL_STORAGE
102;DOCUMENT_EDITOR;ANDROID.PERMISSION.MANAGE_DOCUMENTS
108;EBANKING;ANDROID.PERMISSION.ACCESS_NETWORK_STATE
109;EBANKING;ANDROID.PERMISSION.ACCESS_WIFI_STATE
111;EBANKING;ANDROID.PERMISSION.CAMERA
110;EBANKING;ANDROID.PERMISSION.INTERNET
112;EMAIL;ANDROID.PERMISSION.ACCESS_NETWORK_STATE
113;EMAIL;ANDROID.PERMISSION.ACCESS_WIFI_STATE
114;EMAIL;ANDROID.PERMISSION.AUTHENTICATE_ACCOUNTS
115;EMAIL;ANDROID.PERMISSION.GET_ACCOUNTS
116;EMAIL;ANDROID.PERMISSION.INTERNET
117;EMAIL;ANDROID.PERMISSION.MANAGE_ACCOUNTS
118;EMAIL;ANDROID.PERMISSION.READ_CONTACTS
119;EMAIL;ANDROID.PERMISSION.READ_SYNC_SETTINGS
120;EMAIL;ANDROID.PERMISSION.READ_SYNC_STATS
121;EMAIL;ANDROID.PERMISSION.RECEIVE_BOOT_COMPLETED
122;EMAIL;ANDROID.PERMISSION.USE_CREDENTIALS
123;EMAIL;ANDROID.PERMISSION.VIBRATE
124;EMAIL;ANDROID.PERMISSION.WRITE_CONTACTS
125;EMAIL;ANDROID.PERMISSION.WRITE_SYNC_SETTINGS
127;FLASHLIGHT;ANDROID.PERMISSION.FLASHLIGHT
128;GAME;ANDROID.PERMISSION.ACCESS_NETWORK_STATE
129;GAME;ANDROID.PERMISSION.ACCESS_WIFI_STATE
130;GAME;ANDROID.PERMISSION.INTERNET
131;GAME;ANDROID.PERMISSION.MODIFY_AUDIO_SETTINGS
132;GAME;ANDROID.PERMISSION.VIBRATE
133;GAME;ANDROID.PERMISSION.WAKE_LOCK
134;GPS_NAVIGATION;ANDROID.PERMISSION.ACCESS_COARSE_LOCATION
135;GPS_NAVIGATION;ANDROID.PERMISSION.ACCESS_FINE_LOCATION
136;GPS_NAVIGATION;ANDROID.PERMISSION.ACCESS_MOCK_LOCATION
138;GPS_NAVIGATION;ANDROID.PERMISSION.ACCESS_NETWORK_STATE
139;GPS_NAVIGATION;ANDROID.PERMISSION.ACCESS_WIFI_STATE
140;GPS_NAVIGATION;ANDROID.PERMISSION.DISABLE_KEYGUARD
141;GPS_NAVIGATION;ANDROID.PERMISSION.INTERNET
143;GPS_NAVIGATION;ANDROID.PERMISSION.MODIFY_AUDIO_SETTINGS
144;GPS_NAVIGATION;ANDROID.PERMISSION.SYSTEM_ALERT_WINDOW
146;GPS_NAVIGATION;ANDROID.PERMISSION.WAKE_LOCK
154;HOME_LOCK_SCREEN;ANDROID.PERMISSION.ACCESS_COARSE_LOCATION
155;HOME_LOCK_SCREEN;ANDROID.PERMISSION.ACCESS_FINE_LOCATION
156;HOME_LOCK_SCREEN;ANDROID.PERMISSION.ACCESS_MOCK_LOCATION
151;HOME_LOCK_SCREEN;ANDROID.PERMISSION.ACCESS_NETWORK_STATE
152;HOME_LOCK_SCREEN;ANDROID.PERMISSION.ACCESS_WIFI_STATE
147;HOME_LOCK_SCREEN;ANDROID.PERMISSION.BATTERY_STATS
153;HOME_LOCK_SCREEN;ANDROID.PERMISSION.BIND_APPWIDGET
157;HOME_LOCK_SCREEN;ANDROID.PERMISSION.BLUETOOTH
158;HOME_LOCK_SCREEN;ANDROID.PERMISSION.BLUETOOTH_ADMIN
159;HOME_LOCK_SCREEN;ANDROID.PERMISSION.CALL_PHONE
160;HOME_LOCK_SCREEN;ANDROID.PERMISSION.CAMERA
161;HOME_LOCK_SCREEN;ANDROID.PERMISSION.CHANGE_NETWORK_STATE
162;HOME_LOCK_SCREEN;ANDROID.PERMISSION.CHANGE_WIFI_STATE
148;HOME_LOCK_SCREEN;ANDROID.PERMISSION.DISABLE_KEYGUARD
149;HOME_LOCK_SCREEN;ANDROID.PERMISSION.EXPAND_STATUS_BAR
167;HOME_LOCK_SCREEN;ANDROID.PERMISSION.FLASHLIGHT
168;HOME_LOCK_SCREEN;ANDROID.PERMISSION.GET_ACCOUNTS
150;HOME_LOCK_SCREEN;ANDROID.PERMISSION.GET_TASKS
171;HOME_LOCK_SCREEN;ANDROID.PERMISSION.INSTALL_SHORTCUT
172;HOME_LOCK_SCREEN;ANDROID.PERMISSION.INTERNET
173;HOME_LOCK_SCREEN;ANDROID.PERMISSION.KILL_BACKGROUND_PROCESSES
174;HOME_LOCK_SCREEN;ANDROID.PERMISSION.PERSISTENT_ACTIVITY
175;HOME_LOCK_SCREEN;ANDROID.PERMISSION.READ_CALL_LOG
176;HOME_LOCK_SCREEN;ANDROID.PERMISSION.READ_CONTACTS
177;HOME_LOCK_SCREEN;ANDROID.PERMISSION.READ_EXTERNAL_STORAGE
179;HOME_LOCK_SCREEN;ANDROID.PERMISSION.READ_PHONE_STATE
188;HOME_LOCK_SCREEN;ANDROID.PERMISSION.READ_SETTINGS
178;HOME_LOCK_SCREEN;ANDROID.PERMISSION.SET_PREFERRED_APPLICATIONS
180;HOME_LOCK_SCREEN;ANDROID.PERMISSION.SET_WALLPAPER
181;HOME_LOCK_SCREEN;ANDROID.PERMISSION.SET_WALLPAPER_HINTS
182;HOME_LOCK_SCREEN;ANDROID.PERMISSION.SYSTEM_ALERT_WINDOW
183;HOME_LOCK_SCREEN;ANDROID.PERMISSION.VIBRATE
184;HOME_LOCK_SCREEN;ANDROID.PERMISSION.WAKE_LOCK
185;HOME_LOCK_SCREEN;ANDROID.PERMISSION.WRITE_EXTERNAL_STORAGE
186;HOME_LOCK_SCREEN;ANDROID.PERMISSION.WRITE_SETTINGS
193;INTERNET_BROWSER;ANDROID.PERMISSION.ACCESS_COARSE_LOCATION
194;INTERNET_BROWSER;ANDROID.PERMISSION.ACCESS_FINE_LOCATION
195;INTERNET_BROWSER;ANDROID.PERMISSION.ACCESS_MOCK_LOCATION
196;INTERNET_BROWSER;ANDROID.PERMISSION.ACCESS_NETWORK_STATE
197;INTERNET_BROWSER;ANDROID.PERMISSION.ACCESS_WIFI_STATE
198;INTERNET_BROWSER;ANDROID.PERMISSION.AUTHENTICATE_ACCOUNTS
199;INTERNET_BROWSER;ANDROID.PERMISSION.CAMERA
200;INTERNET_BROWSER;ANDROID.PERMISSION.GET_ACCOUNTS
201;INTERNET_BROWSER;ANDROID.PERMISSION.INTERNET
202;INTERNET_BROWSER;ANDROID.PERMISSION.MANAGE_ACCOUNTS
203;INTERNET_BROWSER;ANDROID.PERMISSION.READ_EXTERNAL_STORAGE
204;INTERNET_BROWSER;ANDROID.PERMISSION.READ_HISTORY_BOOKMARKS
205;INTERNET_BROWSER;ANDROID.PERMISSION.READ_SYNC_SETTINGS
206;INTERNET_BROWSER;ANDROID.PERMISSION.READ_SYNC_STATS
207;INTERNET_BROWSER;ANDROID.PERMISSION.RECORD_AUDIO
208;INTERNET_BROWSER;ANDROID.PERMISSION.USE_CREDENTIALS
209;INTERNET_BROWSER;ANDROID.PERMISSION.VIBRATE
210;INTERNET_BROWSER;ANDROID.PERMISSION.WAKE_LOCK
211;INTERNET_BROWSER;ANDROID.PERMISSION.WRITE_EXTERNAL_STORAGE
212;INTERNET_BROWSER;ANDROID.PERMISSION.WRITE_HISTORY_BOOKMARKS
213;JOB_SEARCH;ANDROID.PERMISSION.ACCESS_COARSE_LOCATION
214;JOB_SEARCH;ANDROID.PERMISSION.ACCESS_FINE_LOCATION
215;JOB_SEARCH;ANDROID.PERMISSION.ACCESS_MOCK_LOCATION
216;JOB_SEARCH;ANDROID.PERMISSION.ACCESS_NETWORK_STATE
217;JOB_SEARCH;ANDROID.PERMISSION.ACCESS_WIFI_STATE
219;JOB_SEARCH;ANDROID.PERMISSION.INTERNET
538;JOB_SEARCH;ANDROID.PERMISSION.READ_EXTERNAL_STORAGE
539;JOB_SEARCH;ANDROID.PERMISSION.WRITE_EXTERNAL_STORAGE
220;JOB_SEARCH;ANDROID.PERMISSION.MANAGE_DOCUMENTS
221;KEYBOARD;ANDROID.PERMISSION.READ_SMS
222;KEYBOARD;ANDROID.PERMISSION.READ_USER_DICTIONARY
223;KEYBOARD;ANDROID.PERMISSION.VIBRATE
225;KEYBOARD;ANDROID.PERMISSION.WAKE_LOCK
226;KEYBOARD;ANDROID.PERMISSION.WRITE_USER_DICTIONARY
41;LOCATE_POSITION;ANDROID.PERMISSION.ACCESS_COARSE_LOCATION
43;LOCATE_POSITION;ANDROID.PERMISSION.ACCESS_FINE_LOCATION
44;LOCATE_POSITION;ANDROID.PERMISSION.ACCESS_LOCATION_EXTRA_COMMANDS
45;LOCATE_POSITION;ANDROID.PERMISSION.ACCESS_MOCK_LOCATION
46;LOCATE_POSITION;ANDROID.PERMISSION.ACCESS_NETWORK_STATE
47;LOCATE_POSITION;ANDROID.PERMISSION.ACCESS_WIFI_STATE
48;LOCATE_POSITION;ANDROID.PERMISSION.INTERNET
254;MESSAGING;ANDROID.PERMISSION.ACCESS_COARSE_LOCATION
255;MESSAGING;ANDROID.PERMISSION.ACCESS_FINE_LOCATION
256;MESSAGING;ANDROID.PERMISSION.ACCESS_MOCK_LOCATION
233;MESSAGING;ANDROID.PERMISSION.ACCESS_NETWORK_STATE
234;MESSAGING;ANDROID.PERMISSION.ACCESS_WIFI_STATE
235;MESSAGING;ANDROID.PERMISSION.AUTHENTICATE_ACCOUNTS
236;MESSAGING;ANDROID.PERMISSION.CAMERA
237;MESSAGING;ANDROID.PERMISSION.GET_ACCOUNTS
238;MESSAGING;ANDROID.PERMISSION.INTERNET
239;MESSAGING;ANDROID.PERMISSION.MANAGE_ACCOUNTS
240;MESSAGING;ANDROID.PERMISSION.READ_CONTACTS
241;MESSAGING;ANDROID.PERMISSION.READ_EXTERNAL_STORAGE
242;MESSAGING;ANDROID.PERMISSION.READ_PHONE_STATE
243;MESSAGING;ANDROID.PERMISSION.READ_PROFILE
244;MESSAGING;ANDROID.PERMISSION.READ_SYNC_SETTINGS
245;MESSAGING;ANDROID.PERMISSION.READ_SYNC_STATS
246;MESSAGING;ANDROID.PERMISSION.RECORD_AUDIO
247;MESSAGING;ANDROID.PERMISSION.USE_CREDENTIALS
248;MESSAGING;ANDROID.PERMISSION.VIBRATE
249;MESSAGING;ANDROID.PERMISSION.WAKE_LOCK
250;MESSAGING;ANDROID.PERMISSION.WRITE_CONTACTS
251;MESSAGING;ANDROID.PERMISSION.WRITE_EXTERNAL_STORAGE
252;MESSAGING;ANDROID.PERMISSION.WRITE_PROFILE
253;MESSAGING;ANDROID.PERMISSION.WRITE_SYNC_SETTINGS
506;MONEY;ANDROID.PERMISSION.ACCESS_NETWORK_STATE
507;MONEY;ANDROID.PERMISSION.ACCESS_WIFI_STATE
508;MONEY;ANDROID.PERMISSION.INTERNET
265;MULTIMEDIA_PLAYER;ANDROID.PERMISSION.DISABLE_KEYGUARD
268;MULTIMEDIA_PLAYER;ANDROID.PERMISSION.MODIFY_AUDIO_SETTINGS
269;MULTIMEDIA_PLAYER;ANDROID.PERMISSION.READ_EXTERNAL_STORAGE
270;MULTIMEDIA_PLAYER;ANDROID.PERMISSION.READ_PHONE_STATE
271;MULTIMEDIA_PLAYER;ANDROID.PERMISSION.WAKE_LOCK
272;MULTIMEDIA_PLAYER;ANDROID.PERMISSION.WRITE_EXTERNAL_STORAGE
267;MULTIMEDIA_PLAYER;ANDROID.PERMISSION.MANAGE_DOCUMENTS
354;MUSIC_PLAYER;ANDROID.PERMISSION.BLUETOOTH
274;MUSIC_PLAYER;ANDROID.PERMISSION.DISABLE_KEYGUARD
276;MUSIC_PLAYER;ANDROID.PERMISSION.MODIFY_AUDIO_SETTINGS
277;MUSIC_PLAYER;ANDROID.PERMISSION.READ_EXTERNAL_STORAGE
278;MUSIC_PLAYER;ANDROID.PERMISSION.READ_PHONE_STATE
279;MUSIC_PLAYER;ANDROID.PERMISSION.WAKE_LOCK
280;MUSIC_PLAYER;ANDROID.PERMISSION.WRITE_EXTERNAL_STORAGE
275;MUSIC_PLAYER;ANDROID.PERMISSION.MANAGE_DOCUMENTS
281;MUSIC_STREAMING;ANDROID.PERMISSION.ACCESS_NETWORK_STATE
282;MUSIC_STREAMING;ANDROID.PERMISSION.ACCESS_WIFI_STATE
283;MUSIC_STREAMING;ANDROID.PERMISSION.AUTHENTICATE_ACCOUNTS
284;MUSIC_STREAMING;ANDROID.PERMISSION.CHANGE_NETWORK_STATE
285;MUSIC_STREAMING;ANDROID.PERMISSION.CHANGE_WIFI_STATE
286;MUSIC_STREAMING;ANDROID.PERMISSION.GET_ACCOUNTS
287;MUSIC_STREAMING;ANDROID.PERMISSION.INTERNET
288;MUSIC_STREAMING;ANDROID.PERMISSION.MANAGE_ACCOUNTS
289;MUSIC_STREAMING;ANDROID.PERMISSION.MODIFY_AUDIO_SETTINGS
290;MUSIC_STREAMING;ANDROID.PERMISSION.READ_PHONE_STATE
291;MUSIC_STREAMING;ANDROID.PERMISSION.USE_CREDENTIALS
292;NEWS;ANDROID.PERMISSION.ACCESS_COARSE_LOCATION
295;NEWS;ANDROID.PERMISSION.ACCESS_FINE_LOCATION
293;NEWS;ANDROID.PERMISSION.ACCESS_MOCK_LOCATION
296;NEWS;ANDROID.PERMISSION.ACCESS_NETWORK_STATE
297;NEWS;ANDROID.PERMISSION.ACCESS_WIFI_STATE
298;NEWS;ANDROID.PERMISSION.GET_ACCOUNTS
299;NEWS;ANDROID.PERMISSION.INTERNET
300;NEWS;ANDROID.PERMISSION.USE_CREDENTIALS
312;PACKAGE_TRACKING;ANDROID.PERMISSION.ACCESS_NETWORK_STATE
313;PACKAGE_TRACKING;ANDROID.PERMISSION.ACCESS_WIFI_STATE
314;PACKAGE_TRACKING;ANDROID.PERMISSION.INTERNET
315;PHONE;ANDROID.PERMISSION.ADD_VOICEMAIL
316;PHONE;ANDROID.PERMISSION.CALL_PHONE
317;PHONE;ANDROID.PERMISSION.DISABLE_KEYGUARD
318;PHONE;ANDROID.PERMISSION.MODIFY_AUDIO_SETTINGS
319;PHONE;ANDROID.PERMISSION.PROCESS_OUTGOING_CALLS
320;PHONE;ANDROID.PERMISSION.READ_CALL_LOG
321;PHONE;ANDROID.PERMISSION.READ_CONTACTS
322;PHONE;ANDROID.PERMISSION.READ_PHONE_STATE
330;PHONE;ANDROID.PERMISSION.READ_PROFILE
323;PHONE;ANDROID.PERMISSION.RECEIVE_BOOT_COMPLETED
324;PHONE;ANDROID.PERMISSION.RECORD_AUDIO
325;PHONE;ANDROID.PERMISSION.USE_SIP
326;PHONE;ANDROID.PERMISSION.VIBRATE
327;PHONE;ANDROID.PERMISSION.WAKE_LOCK
328;PHONE;ANDROID.PERMISSION.WRITE_CALL_LOG
329;PHONE;ANDROID.PERMISSION.WRITE_CONTACTS
331;PHONE;ANDROID.PERMISSION.WRITE_PROFILE
333;PHOTO_EDITING;ANDROID.PERMISSION.READ_EXTERNAL_STORAGE
334;PHOTO_EDITING;ANDROID.PERMISSION.WRITE_EXTERNAL_STORAGE
332;PHOTO_EDITING;ANDROID.PERMISSION.MANAGE_DOCUMENTS
335;PODCAST;ANDROID.PERMISSION.ACCESS_NETWORK_STATE
336;PODCAST;ANDROID.PERMISSION.ACCESS_WIFI_STATE
337;PODCAST;ANDROID.PERMISSION.AUTHENTICATE_ACCOUNTS
346;PODCAST;ANDROID.PERMISSION.GET_ACCOUNTS
338;PODCAST;ANDROID.PERMISSION.INTERNET
339;PODCAST;ANDROID.PERMISSION.MANAGE_ACCOUNTS
341;PODCAST;ANDROID.PERMISSION.SUBSCRIBED_FEEDS_READ
343;PODCAST;ANDROID.PERMISSION.SUBSCRIBED_FEEDS_WRITE
347;PODCAST;ANDROID.PERMISSION.USE_CREDENTIALS
356;RADIO;ANDROID.PERMISSION.ACCESS_COARSE_LOCATION
357;RADIO;ANDROID.PERMISSION.ACCESS_FINE_LOCATION
358;RADIO;ANDROID.PERMISSION.ACCESS_MOCK_LOCATION
359;RADIO;ANDROID.PERMISSION.ACCESS_NETWORK_STATE
360;RADIO;ANDROID.PERMISSION.ACCESS_WIFI_STATE
355;RADIO;ANDROID.PERMISSION.BLUETOOTH
361;RADIO;ANDROID.PERMISSION.READ_PHONE_STATE
362;RADIO;ANDROID.PERMISSION.WAKE_LOCK
363;REMOTE_CONTROLS;ANDROID.PERMISSION.ACCESS_NETWORK_STATE
364;REMOTE_CONTROLS;ANDROID.PERMISSION.ACCESS_WIFI_STATE
365;REMOTE_CONTROLS;ANDROID.PERMISSION.BLUETOOTH
366;REMOTE_CONTROLS;ANDROID.PERMISSION.INTERNET
367;REMOTE_CONTROLS;ANDROID.PERMISSION.NFC
368;REMOTE_CONTROLS;ANDROID.PERMISSION.VIBRATE
369;REMOTE_CONTROLS;ANDROID.PERMISSION.WAKE_LOCK
370;REMOTE_CONTROLS;ANDROID.PERMISSION.TRANSMIT_IR
371;REMOTE_DESKTOP;ANDROID.PERMISSION.ACCESS_NETWORK_STATE
372;REMOTE_DESKTOP;ANDROID.PERMISSION.ACCESS_WIFI_STATE
373;REMOTE_DESKTOP;ANDROID.PERMISSION.AUTHENTICATE_ACCOUNTS
374;REMOTE_DESKTOP;ANDROID.PERMISSION.INTERNET
375;REMOTE_DESKTOP;ANDROID.PERMISSION.READ_EXTERNAL_STORAGE
376;REMOTE_DESKTOP;ANDROID.PERMISSION.READ_PHONE_STATE
377;REMOTE_DESKTOP;ANDROID.PERMISSION.WAKE_LOCK
378;REMOTE_DESKTOP;ANDROID.PERMISSION.WRITE_EXTERNAL_STORAGE
386;RINGTONES;ANDROID.PERMISSION.ACCESS_NETWORK_STATE
387;RINGTONES;ANDROID.PERMISSION.ACCESS_WIFI_STATE
388;RINGTONES;ANDROID.PERMISSION.INTERNET
389;RINGTONES;ANDROID.PERMISSION.READ_EXTERNAL_STORAGE
390;RINGTONES;ANDROID.PERMISSION.VIBRATE
392;RINGTONES;ANDROID.PERMISSION.WRITE_EXTERNAL_STORAGE
391;RINGTONES;ANDROID.PERMISSION.WRITE_SETTINGS
394;SEND_FILE;ANDROID.PERMISSION.READ_EXTERNAL_STORAGE
393;SEND_FILE;ANDROID.PERMISSION.MANAGE_DOCUMENTS
401;SHARING;ANDROID.PERMISSION.ACCESS_NETWORK_STATE
402;SHARING;ANDROID.PERMISSION.ACCESS_WIFI_STATE
403;SHARING;ANDROID.PERMISSION.BLUETOOTH
404;SHARING;ANDROID.PERMISSION.GET_ACCOUNTS
405;SHARING;ANDROID.PERMISSION.INTERNET
406;SHARING;ANDROID.PERMISSION.USE_CREDENTIALS
407;SHOPPING;ANDROID.PERMISSION.ACCESS_COARSE_LOCATION
409;SHOPPING;ANDROID.PERMISSION.ACCESS_FINE_LOCATION
410;SHOPPING;ANDROID.PERMISSION.ACCESS_MOCK_LOCATION
411;SHOPPING;ANDROID.PERMISSION.ACCESS_NETWORK_STATE
412;SHOPPING;ANDROID.PERMISSION.ACCESS_WIFI_STATE
413;SHOPPING;ANDROID.PERMISSION.INTERNET
418;SMS;ANDROID.PERMISSION.BROADCAST_STICKY
414;SMS;ANDROID.PERMISSION.CAMERA
417;SMS;ANDROID.PERMISSION.READ_CONTACTS
419;SMS;ANDROID.PERMISSION.READ_EXTERNAL_STORAGE
420;SMS;ANDROID.PERMISSION.READ_PHONE_STATE
421;SMS;ANDROID.PERMISSION.READ_SMS
422;SMS;ANDROID.PERMISSION.RECEIVE_MMS
423;SMS;ANDROID.PERMISSION.RECEIVE_SMS
425;SMS;ANDROID.PERMISSION.RECORD_AUDIO
424;SMS;ANDROID.PERMISSION.SEND_SMS
426;SMS;ANDROID.PERMISSION.VIBRATE
427;SMS;ANDROID.PERMISSION.WAKE_LOCK
428;SMS;ANDROID.PERMISSION.WRITE_CONTACTS
429;SMS;ANDROID.PERMISSION.WRITE_EXTERNAL_STORAGE
430;SMS;ANDROID.PERMISSION.WRITE_SMS
415;SMS;ANDROID.PERMISSION.MANAGE_DOCUMENTS
431;SOCIAL_NETWORK;ANDROID.PERMISSION.ACCESS_COARSE_LOCATION
432;SOCIAL_NETWORK;ANDROID.PERMISSION.ACCESS_FINE_LOCATION
433;SOCIAL_NETWORK;ANDROID.PERMISSION.ACCESS_MOCK_LOCATION
435;SOCIAL_NETWORK;ANDROID.PERMISSION.ACCESS_NETWORK_STATE
436;SOCIAL_NETWORK;ANDROID.PERMISSION.ACCESS_WIFI_STATE
437;SOCIAL_NETWORK;ANDROID.PERMISSION.AUTHENTICATE_ACCOUNTS
438;SOCIAL_NETWORK;ANDROID.PERMISSION.CAMERA
439;SOCIAL_NETWORK;ANDROID.PERMISSION.GET_ACCOUNTS
440;SOCIAL_NETWORK;ANDROID.PERMISSION.INTERNET
441;SOCIAL_NETWORK;ANDROID.PERMISSION.MANAGE_ACCOUNTS
443;SOCIAL_NETWORK;ANDROID.PERMISSION.READ_EXTERNAL_STORAGE
444;SOCIAL_NETWORK;ANDROID.PERMISSION.READ_SYNC_SETTINGS
445;SOCIAL_NETWORK;ANDROID.PERMISSION.READ_SYNC_STATS
447;SOCIAL_NETWORK;ANDROID.PERMISSION.USE_CREDENTIALS
446;SOCIAL_NETWORK;ANDROID.PERMISSION.WAKE_LOCK
448;SOCIAL_NETWORK;ANDROID.PERMISSION.WRITE_EXTERNAL_STORAGE
442;SOCIAL_NETWORK;ANDROID.PERMISSION.MANAGE_DOCUMENTS
451;SPORT_RESULTS;ANDROID.PERMISSION.ACCESS_NETWORK_STATE
452;SPORT_RESULTS;ANDROID.PERMISSION.ACCESS_WIFI_STATE
453;SPORT_RESULTS;ANDROID.PERMISSION.INTERNET
454;SPORT_RESULTS;ANDROID.PERMISSION.VIBRATE
455;STORAGE_MANAGER;ANDROID.PERMISSION.ACCESS_NETWORK_STATE
456;STORAGE_MANAGER;ANDROID.PERMISSION.ACCESS_WIFI_STATE
457;STORAGE_MANAGER;ANDROID.PERMISSION.INTERNET
459;STORAGE_MANAGER;ANDROID.PERMISSION.READ_EXTERNAL_STORAGE
460;STORAGE_MANAGER;ANDROID.PERMISSION.READ_PHONE_STATE
461;STORAGE_MANAGER;ANDROID.PERMISSION.READ_SYNC_SETTINGS
462;STORAGE_MANAGER;ANDROID.PERMISSION.READ_SYNC_STATS
464;STORAGE_MANAGER;ANDROID.PERMISSION.SET_WALLPAPER
465;STORAGE_MANAGER;ANDROID.PERMISSION.SET_WALLPAPER_HINTS
463;STORAGE_MANAGER;ANDROID.PERMISSION.VIBRATE
466;STORAGE_MANAGER;ANDROID.PERMISSION.WAKE_LOCK
467;STORAGE_MANAGER;ANDROID.PERMISSION.WRITE_EXTERNAL_STORAGE
468;STORAGE_MANAGER;ANDROID.PERMISSION.WRITE_SETTINGS
458;STORAGE_MANAGER;ANDROID.PERMISSION.MANAGE_DOCUMENTS
469;TRAVEL;ANDROID.PERMISSION.ACCESS_COARSE_LOCATION
470;TRAVEL;ANDROID.PERMISSION.ACCESS_FINE_LOCATION
471;TRAVEL;ANDROID.PERMISSION.ACCESS_MOCK_LOCATION
472;TRAVEL;ANDROID.PERMISSION.ACCESS_NETWORK_STATE
473;TRAVEL;ANDROID.PERMISSION.ACCESS_WIFI_STATE
474;TRAVEL;ANDROID.PERMISSION.INTERNET
189;USE_CONTACTS;ANDROID.PERMISSION.READ_CONTACTS
105;USE_INTERNET;ANDROID.PERMISSION.ACCESS_NETWORK_STATE
106;USE_INTERNET;ANDROID.PERMISSION.ACCESS_WIFI_STATE
107;USE_INTERNET;ANDROID.PERMISSION.INTERNET
396;USE_LOGIN;ANDROID.PERMISSION.ACCESS_NETWORK_STATE
397;USE_LOGIN;ANDROID.PERMISSION.ACCESS_WIFI_STATE
398;USE_LOGIN;ANDROID.PERMISSION.GET_ACCOUNTS
395;USE_LOGIN;ANDROID.PERMISSION.INTERNET
400;USE_LOGIN;ANDROID.PERMISSION.MANAGE_ACCOUNTS
399;USE_LOGIN;ANDROID.PERMISSION.USE_CREDENTIALS
477;VIDEO_STREAMING;ANDROID.PERMISSION.ACCESS_NETWORK_STATE
478;VIDEO_STREAMING;ANDROID.PERMISSION.ACCESS_WIFI_STATE
480;VIDEO_STREAMING;ANDROID.PERMISSION.AUTHENTICATE_ACCOUNTS
481;VIDEO_STREAMING;ANDROID.PERMISSION.CHANGE_NETWORK_STATE
482;VIDEO_STREAMING;ANDROID.PERMISSION.CHANGE_WIFI_STATE
483;VIDEO_STREAMING;ANDROID.PERMISSION.GET_ACCOUNTS
479;VIDEO_STREAMING;ANDROID.PERMISSION.INTERNET
484;VIDEO_STREAMING;ANDROID.PERMISSION.MANAGE_ACCOUNTS
485;VIDEO_STREAMING;ANDROID.PERMISSION.MODIFY_AUDIO_SETTINGS
486;VIDEO_STREAMING;ANDROID.PERMISSION.READ_PHONE_STATE
487;VIDEO_STREAMING;ANDROID.PERMISSION.USE_CREDENTIALS
488;VOIP;ANDROID.PERMISSION.ACCESS_NETWORK_STATE
489;VOIP;ANDROID.PERMISSION.ACCESS_WIFI_STATE
491;VOIP;ANDROID.PERMISSION.AUTHENTICATE_ACCOUNTS
494;VOIP;ANDROID.PERMISSION.DISABLE_KEYGUARD
492;VOIP;ANDROID.PERMISSION.GET_ACCOUNTS
490;VOIP;ANDROID.PERMISSION.INTERNET
493;VOIP;ANDROID.PERMISSION.MANAGE_ACCOUNTS
495;VOIP;ANDROID.PERMISSION.MODIFY_AUDIO_SETTINGS
496;VOIP;ANDROID.PERMISSION.READ_CONTACTS
497;VOIP;ANDROID.PERMISSION.READ_PHONE_STATE
498;VOIP;ANDROID.PERMISSION.READ_PROFILE
499;VOIP;ANDROID.PERMISSION.RECORD_AUDIO
500;VOIP;ANDROID.PERMISSION.USE_SIP
501;VOIP;ANDROID.PERMISSION.VIBRATE
502;VOIP;ANDROID.PERMISSION.WAKE_LOCK
503;VOIP;ANDROID.PERMISSION.WRITE_CONTACTS
504;VOIP;ANDROID.PERMISSION.WRITE_PROFILE
509;WALLPAPER;ANDROID.PERMISSION.ACCESS_NETWORK_STATE
510;WALLPAPER;ANDROID.PERMISSION.ACCESS_WIFI_STATE
511;WALLPAPER;ANDROID.PERMISSION.INTERNET
513;WALLPAPER;ANDROID.PERMISSION.READ_EXTERNAL_STORAGE
514;WALLPAPER;ANDROID.PERMISSION.SET_WALLPAPER
515;WALLPAPER;ANDROID.PERMISSION.SET_WALLPAPER_HINTS
516;WALLPAPER;ANDROID.PERMISSION.WRITE_EXTERNAL_STORAGE
257;WEATHER;ANDROID.PERMISSION.ACCESS_COARSE_LOCATION
258;WEATHER;ANDROID.PERMISSION.ACCESS_FINE_LOCATION
259;WEATHER;ANDROID.PERMISSION.ACCESS_MOCK_LOCATION
260;WEATHER;ANDROID.PERMISSION.ACCESS_NETWORK_STATE
262;WEATHER;ANDROID.PERMISSION.ACCESS_WIFI_STATE
263;WEATHER;ANDROID.PERMISSION.INTERNET
264;WEATHER;ANDROID.PERMISSION.WAKE_LOCK
517;WIDGET;ANDROID.PERMISSION.INSTALL_SHORTCUT
518;WORKOUT_TRACKING;ANDROID.PERMISSION.ACCESS_COARSE_LOCATION
519;WORKOUT_TRACKING;ANDROID.PERMISSION.ACCESS_FINE_LOCATION
520;WORKOUT_TRACKING;ANDROID.PERMISSION.ACCESS_MOCK_LOCATION
521;WORKOUT_TRACKING;ANDROID.PERMISSION.ACCESS_NETWORK_STATE
522;WORKOUT_TRACKING;ANDROID.PERMISSION.ACCESS_WIFI_STATE
523;WORKOUT_TRACKING;ANDROID.PERMISSION.DISABLE_KEYGUARD
524;WORKOUT_TRACKING;ANDROID.PERMISSION.GET_ACCOUNTS
525;WORKOUT_TRACKING;ANDROID.PERMISSION.INTERNET
526;WORKOUT_TRACKING;ANDROID.PERMISSION.MODIFY_AUDIO_SETTINGS
527;WORKOUT_TRACKING;ANDROID.PERMISSION.READ_PHONE_STATE
528;WORKOUT_TRACKING;ANDROID.PERMISSION.USE_CREDENTIALS
529;WORKOUT_TRACKING;ANDROID.PERMISSION.VIBRATE
531;WORKOUT_TRACKING;ANDROID.PERMISSION.WAKE_LOCK
